{"cameraMode":{"drawMode":0,"name":"Shaded","section":"Shading Mode"},"sceneLighting":true,"audioPlay":false,"sceneViewState":{"showFog":true,"showMaterialUpdate":true,"showSkybox":true,"showFlares":true,"showImageEffects":true,"showParticleSystems":true},"in2DMode":false,"pivot":{"x":196.08834838867188,"y":909.7383422851563,"z":0.0},"rotation":{"x":-0.18669065833091737,"y":0.013849949464201928,"z":-0.0026308142114430668,"w":-0.9823274612426758},"size":380.89849853515627,"orthographic":false}