{"cameraMode":{"drawMode":0,"name":"Shaded","section":"Shading Mode"},"sceneLighting":false,"audioPlay":false,"sceneViewState":{"showFog":true,"showMaterialUpdate":true,"showSkybox":false,"showFlares":true,"showImageEffects":true,"showParticleSystems":true},"in2DMode":false,"pivot":{"x":1.369307041168213,"y":-0.93805992603302,"z":-0.2805616855621338},"rotation":{"x":0.0631505474448204,"y":0.8804397583007813,"z":-0.1225561872124672,"w":0.45367786288261416},"size":7.484430313110352,"orthographic":false}