{"cameraMode":{"drawMode":0,"name":"Shaded","section":"Shading Mode"},"sceneLighting":false,"audioPlay":false,"sceneViewState":{"showFog":true,"showMaterialUpdate":true,"showSkybox":false,"showFlares":true,"showImageEffects":true,"showParticleSystems":true},"in2DMode":false,"pivot":{"x":0.09991645812988281,"y":-0.5532433986663818,"z":0.039019227027893069},"rotation":{"x":-0.27691709995269778,"y":-0.3359763026237488,"z":0.10404401272535324,"w":-0.8942165374755859},"size":2.953652858734131,"orthographic":false}