{"cameraMode":{"drawMode":0,"name":"Shaded","section":"Shading Mode"},"sceneLighting":true,"audioPlay":false,"sceneViewState":{"showFog":true,"showMaterialUpdate":true,"showSkybox":false,"showFlares":true,"showImageEffects":true,"showParticleSystems":true},"in2DMode":false,"pivot":{"x":12.505607604980469,"y":-2.6105666160583498,"z":-1.4093823432922364},"rotation":{"x":-0.01244073174893856,"y":-0.9766911864280701,"z":0.05897537246346474,"w":-0.20602437853813172},"size":8.112159729003907,"orthographic":false}