{"cameraMode":{"drawMode":0,"name":"Shaded","section":"Shading Mode"},"sceneLighting":true,"audioPlay":false,"sceneViewState":{"showFog":true,"showMaterialUpdate":true,"showSkybox":false,"showFlares":true,"showImageEffects":true,"showParticleSystems":true},"in2DMode":false,"pivot":{"x":4.563778877258301,"y":9.357794761657715,"z":0.9580554962158203},"rotation":{"x":-0.012308345176279545,"y":-0.01290137879550457,"z":0.00015892504598014057,"w":-0.9998437762260437},"size":25.934829711914064,"orthographic":false}