{"cameraMode":{"drawMode":0,"name":"Shaded","section":"Shading Mode"},"sceneLighting":false,"audioPlay":false,"sceneViewState":{"showFog":false,"showMaterialUpdate":false,"showSkybox":false,"showFlares":false,"showImageEffects":false,"showParticleSystems":false},"in2DMode":false,"pivot":{"x":7.05950403213501,"y":17.983383178710939,"z":-29.308868408203126},"rotation":{"x":-0.12150917947292328,"y":-0.002384934341534972,"z":0.00029183641890995204,"w":-0.9925934076309204},"size":10.301451683044434,"orthographic":false}