{"cameraMode":{"drawMode":0,"name":"Shaded","section":"Shading Mode"},"sceneLighting":true,"audioPlay":false,"sceneViewState":{"showFog":false,"showMaterialUpdate":false,"showSkybox":false,"showFlares":false,"showImageEffects":false,"showParticleSystems":false},"in2DMode":false,"pivot":{"x":336.01446533203127,"y":226.4402313232422,"z":15.08831787109375},"rotation":{"x":-0.015309023670852185,"y":0.0005970945931039751,"z":-0.000009151539416052401,"w":-0.9998832941055298},"size":594.1150512695313,"orthographic":false}