{"cameraMode":{"drawMode":0,"name":"Shaded","section":"Shading Mode"},"sceneLighting":true,"audioPlay":false,"sceneViewState":{"showFog":false,"showMaterialUpdate":false,"showSkybox":false,"showFlares":false,"showImageEffects":false,"showParticleSystems":false},"in2DMode":false,"pivot":{"x":311.81097412109377,"y":475.25372314453127,"z":5.9691162109375},"rotation":{"x":0.03418217599391937,"y":-0.009896926581859589,"z":-0.00033861029078252614,"w":-0.9993701577186585},"size":668.462890625,"orthographic":false}