{"cameraMode":{"drawMode":0,"name":"Shaded","section":"Shading Mode"},"sceneLighting":true,"audioPlay":false,"sceneViewState":{"showFog":false,"showMaterialUpdate":false,"showSkybox":false,"showFlares":false,"showImageEffects":false,"showParticleSystems":false},"in2DMode":false,"pivot":{"x":347.431396484375,"y":368.7541809082031,"z":-598.2409057617188},"rotation":{"x":0.01617269776761532,"y":-0.04588085785508156,"z":-0.0007429189863614738,"w":-0.99881911277771},"size":92.44017791748047,"orthographic":false}