{"cameraMode":{"drawMode":0,"name":"Shaded","section":"Shading Mode"},"sceneLighting":true,"audioPlay":false,"sceneViewState":{"showFog":false,"showMaterialUpdate":false,"showSkybox":false,"showFlares":false,"showImageEffects":false,"showParticleSystems":false},"in2DMode":false,"pivot":{"x":720.377685546875,"y":495.4855041503906,"z":16.032657623291017},"rotation":{"x":-0.015309023670852185,"y":0.0005970945931039751,"z":-0.000009151539416052401,"w":-0.9998832941055298},"size":1257.6314697265625,"orthographic":false}